,name,historical_sold,price,rating_star,image,status
0,Quần đùi nam thể thao mát co giãn phù hợp thể thao hay mặc nhà SHORTGIO,19965,2750000000,4.670701,https://down-vn.img.susercontent.com/file/bcecf8f5f48f49b14f53c4d3a43a1c18_tn,normal
1,"Quần short thun nam thể thao, quần đùi nam mặc nhà đi chơi tập gym-DUI01",35848,3500000000,4.777552,https://down-vn.img.susercontent.com/file/vn-11134207-7r98o-lrq43mumt8yh8f_tn,normal
2,"Quần đùi nam short thể thao mặc nhà vải gió co giãn nhẹ mát có khoá kéo co giãn 4 chiều, nhẹ, mềm SHORTGIO",2860,2750000000,4.68906,https://down-vn.img.susercontent.com/file/vn-11134207-7r98o-lqmby8b1bp3m4f_tn,normal
3,Quần short Nam thể thao vải gió co giãn nhẹ mát có khóa túi tiện dụng tập gym hay mặc nhà SHORTGIO,2723,2790000000,4.633267,https://down-vn.img.susercontent.com/file/vn-11134207-7r98o-lqmby8b18vyq90_tn,normal
4,"Quần đùi thể thao nam vải gió thể thao cao cấp, co giãn 4 chiều, nhẹ, mềm, mát, không bai SHORTGIO",2338,2750000000,4.689223,https://down-vn.img.susercontent.com/file/vn-11134207-7r98o-lqmby8b14o9e72_tn,normal
5,"Quần lót nam, quần sịp nam cotton, co giãn, đàn hồi tốt thấm hút mồi hôi",2267,900000000,4.702006,https://down-vn.img.susercontent.com/file/8fbfb342b176cd168b260bee020bb322_tn,normal
6,Bộ Đồ Quần Áo Thể Thao Nam Mùa Hè Chất Thun Lạnh Co Giãn 4 Chiều 5 BTT06,157,5900000000,4.878049,https://down-vn.img.susercontent.com/file/sg-11134201-23020-1g5vwnfqhdnvb7_tn,normal
7,Bộ nam hè Bộ quần áo Mặc Nhà Thể Thao Nam Mùa Hè Phong Cách Cao Cấp BTT,1290,5989000000,4.604743,https://down-vn.img.susercontent.com/file/5332490e9da1f7d58b8dd18856e1d533_tn,normal
8,"Mũ lưỡi trai, Nón kết màu đỏ trơn Nam nữ",29,1200000000,5.0,https://down-vn.img.susercontent.com/file/vn-11134207-7r98o-lq8oi3imxnav7a_tn,normal
9,Áo Thể Thao Nam THE DEME thun lạnh tập gym cổ tròn ngắn tay vải thoáng mát co giãn ATT,6186,1395000000,4.718985,https://down-vn.img.susercontent.com/file/vn-11134207-7r98o-lqmby8b162tu73_tn,normal
10,"Áo giữ nhiệt nam, Áo thun nam tay dài ôm body đẹp cao cấp co giãn 4 chiều cao cấp AGN",604,3590000000,4.758929,https://down-vn.img.susercontent.com/file/sg-11134201-22090-qin3yd43kshv77_tn,normal
11,Quần đùi nam mặc nhà Q3SOC thun mềm mát hút mồ hôi tốt size 50-80kg,888,2990000000,4.777778,https://down-vn.img.susercontent.com/file/0172cfcda2b78f841f003f1845f71286_tn,normal
12,"Bọc Chân Chống Xe Máy, Đế Cao Su Chống Trầy Nền Nhà tặng kèm phụ kiện dây rút",0,250000000,0.0,https://down-vn.img.susercontent.com/file/vn-11134207-7r98o-lsb64t6w5xg974_tn,normal
13,"Găng tay, bao tay hở ngón lái xe, vớ thể thao chống trượt, chống tia UV thoáng khí",9,590000000,5.0,https://down-vn.img.susercontent.com/file/vn-11134207-7r98o-ls276zpf5fic52_tn,normal
14,Quần đùi nam thể thao có bigsize mặc nhà vải thun co giãn nhẹ mát có túi 2 bên DUI01,1482,5990000000,4.811258,https://down-vn.img.susercontent.com/file/4af428004332c4611a50440a5107ee29_tn,normal
15,"Quần Đùi Nam,Quần Short Nam Thể Thao Vải Dù Gió Phối 3 Sọc, Nhẹ, Mát- DUIGIO03",800,2000000000,4.661417,https://down-vn.img.susercontent.com/file/53022ac35146172b124b508d5fcf1766_tn,normal
16,Áo thun nam cổ bẻ thể thao chất thun lạnh vân dập đẹp co giãn vận động thoải mái POLOA1-TD,96,3000000000,4.818182,https://down-vn.img.susercontent.com/file/vn-11134207-7r98o-lm1why8vl3a705_tn,normal
17,Quần đùi nam thể thao có bigsize chất thun mềm mát co giãn tốt có khóa kéo 2 bên DUI01,264,5990000000,4.688525,https://down-vn.img.susercontent.com/file/sg-11134201-22100-uu15uipc0siv81_tn,normal
18,Áo Thể Thao Nam THE DEME thun lạnh tập gym cổ tròn ngắn tay vải thoáng mát,64,3490000000,4.85,https://down-vn.img.susercontent.com/file/vn-11134207-7qukw-lghp424h3otm9f_tn,normal
19,"Áo Thể Thao Nam Cộc Tay THE DEME Áo thun lạnh cổ tròn, ép vân cao cấp, phong cách, mạnh mẽ và năng động",22,2370000000,5.0,https://down-vn.img.susercontent.com/file/vn-11134207-7qukw-lf01p008t3yv79_tn,normal
20,Áo thun dài tay nam thể thao cổ tròn mã [D03] chất thun lạnh co giãn 4 chiều. Thun giữ nhiệt nam AGN,371,3590000000,4.269841,https://down-vn.img.susercontent.com/file/49d625057984a771094215cb506cd5cd_tn,normal
21,"Quần sooc lửng nam thể thao, quần short tập gym mặc nhà nhiều size có 2 túi và có khoá kéo chắc chắn, tiện dụng SHORTGIO",357,3590000000,4.490909,https://down-vn.img.susercontent.com/file/01e7ab4da2e88e9b971c451678176cf6_tn,normal
22,Áo Thể Thao Nam thun lạnh tập gym cổ tròn ngắn tay vải thoáng mát ATT,546,3390000000,4.841121,https://down-vn.img.susercontent.com/file/5b8650190a16bba7b941edee26742b5e_tn,normal
23,Quần đùi nam cotton đẹp ống rộng mặc nhà ngủ chống nhăn-DUITAM04,1404,1400000000,4.904943,https://down-vn.img.susercontent.com/file/6007f98a74b7226c2b7fd0a99ec89f23_tn,normal
24,Áo thun nam thể thao chất vải thun lạnh tập gym cổ tròn ngắn tay co giãn chuẩn form nhiều màu  ATT,391,3390000000,4.541176,https://down-vn.img.susercontent.com/file/60035944d48f5c48ce7dbaa2ad1f85db_tn,normal
25,"Quần lót nam tam giác, quần sịp nam cao cấp 100% thoáng khí,co giãn QL02",305,2500000000,4.425,https://down-vn.img.susercontent.com/file/97f3f6010faed47cbb8e6b3e8f9cf464_tn,normal
26,Áo thể thao cổ tròn vải thun lạnh LOGO HÌNH HỘP tập gym ngắn tay vải thoáng mát co giãn chuẩn form nhiều màu,0,3300000000,0.0,https://down-vn.img.susercontent.com/file/vn-11134207-7r98o-lsb64t6wecux6a_tn,normal
27,Quần short thun nam thể thao chất vải thun co giãn thoáng mát DUI01,287,5990000000,4.632653,https://down-vn.img.susercontent.com/file/575f315997d165bc82e523a2390f9cd3_tn,normal
28,"Áo Lót Nam Cotton Có Tay Mặc Ở Nhà , Áo Đông Xuân Nam Cộc Tay Bộ Đội Trắng Siêu Rẻ Siêu Đẹp",873,2990000000,4.793103,https://down-vn.img.susercontent.com/file/2699234d5da52f6559705b87a4baa476_tn,normal
29,quần đùi nam carro,4,1260000000,0.0,https://down-vn.img.susercontent.com/file/vn-11134207-7r98o-lqw85c16x4uc43_tn,normal
30,Áo lót nam 3 lỗ cotton 100% hàng cao cấp loại 1 mặc cực mát thoải mái,712,2999000000,4.571429,https://down-vn.img.susercontent.com/file/9573203ebade6cbef3edd625db1f6cab_tn,normal
31,"Bộ nam hè, Bộ thể thao nam chất thun co giãn năng động màu hè có nhiều màu BTT",239,5989000000,4.76087,https://down-vn.img.susercontent.com/file/68a21d3b9b6ef2c1393f1e56ead712ac_tn,normal
32,Quần đùi nam thể thao chất gió co giãn phù hợp thể thao hay mặc nhà SHORTGIO,179,2470000000,4.531915,https://down-vn.img.susercontent.com/file/3737d8a101599cf7f8d2dff89eba7dc6_tn,normal
33,"Quần đùi nam thể thao có bigsize, Quần short nam mặc nhà chất vải thun lạnh DUI01",195,5990000000,4.921053,https://down-vn.img.susercontent.com/file/4fc9be84bf60a2f0d51f4d0ebd5acf25_tn,normal
34,Quần đùi nam mặc nhà vải MÁT co dãn tốt mặc cực kỳ thoải mái-DUIGIO03,382,2000000000,4.706667,https://down-vn.img.susercontent.com/file/1da69b770fedd38fd71c26e5d63ceac7_tn,normal
35,"Áo phông nam ba lỗ thể thao sát nách co giãn thấm hút mồ hôi, chất liệu cotton siêu mát ABD3D",195,1990000000,4.731707,https://down-vn.img.susercontent.com/file/sg-11134201-22120-a0gprn2on0kve6_tn,normal
36,"Chụp Chân Chống Xe Máy , Bảo Vệ Chân ( 1 cái )",0,250000000,0.0,https://down-vn.img.susercontent.com/file/vn-11134207-7r98o-lsb64t6wecw4c8_tn,normal
37,"Quần đùi nam thể thao, quần sooc tập gym mặc nhà nhiều size có 2 túi và có khoá kéo chắc chắn SHORTGIO",2087,3590000000,4.747664,https://down-vn.img.susercontent.com/file/9f3d88cd5fb9d6da86d52f0ceae19a1b_tn,normal
38,"Quần short nam , quần short tây âu nam . Chất liệu mềm mịn, co giãn, kiểu dáng trẻ trung bao đẹp",22,9900000000,4.6,https://down-vn.img.susercontent.com/file/vn-11134207-7r98o-lo4bogjh8mpjc8_tn,normal
39,"Quần sịp boxer Quần lót Boxer nam vải thun lạnh tự nhiên 100% thoáng khí,co giãn cao cấp QLBOXER",244,3080000000,4.857143,https://down-vn.img.susercontent.com/file/be83c3d94c6e723fae2da548a7156e26_tn,normal
40,"Găng tay thể thao, mang hàng ngày, găng tay lao động ( đi xe đạp, lái xe, leo núi, vận chuyển hàng)",0,1440000000,0.0,https://down-vn.img.susercontent.com/file/vn-11134207-7r98o-ls27attb1od519_tn,normal
41,Quần đùi nam thể thao chất vải thun co giãn 4 chiều mát nhẹ thoải mái vận động DUI01,595,5990000000,4.692308,https://down-vn.img.susercontent.com/file/e847b52e6b296a10949446f4c75632de_tn,normal
42,"Quần short thun nam thể thao, quần đùi nam mặc nhà đi chơi tập gym",38,5990000000,4.75,https://down-vn.img.susercontent.com/file/vn-11134201-23020-b5zz4sljbunveb_tn,normal
43,Bộ nam hè Bộ Thể Thao Nam Chất Thun Lạnh Co Giãn 4 Chiều Dập Vân Cao CấpThoáng Mát Hè,341,5989000000,4.714286,https://down-vn.img.susercontent.com/file/21fa05077f3119470fe68ccdeb6714ac_tn,normal
44,Áo thun thể thao dài tay nam dập vân cao tần. Áo giữ nhiệt nam chất thun lạnh co giãn 4 chiều hàng VNXK AGN,2227,3300000000,4.495627,https://down-vn.img.susercontent.com/file/4aa07966296f38ba3780c55d8f9ba426_tn,normal
45,"Quần đùi nam chất thun thể thao,quần short nam mặc nhà đi chơi tập gym-DUI01",25,5990000000,4.75,https://down-vn.img.susercontent.com/file/vn-11134201-23030-4lc8c96159nv27_tn,normal
46,"Áo thun ba lỗ nam sát nách (45-90KG) form oversize thoải mái, chất liệu single cotton 100% sợi tự nhiên ABL3D",466,2400000000,4.847619,https://down-vn.img.susercontent.com/file/sg-11134201-22120-iwl4kparn0kv63_tn,normal
47,"Quần short đùi nam thể thao,quần sooc tập gym mặc nhà nhiều size SHORTGIO",660,3590000000,4.828571,https://down-vn.img.susercontent.com/file/0391d40788a6aa529cb9f35b84760597_tn,normal
48,"Quần sịp boxer đùi thoáng khí Quần lót nam mùa hè, mềm mịn, màu sắc thời trang BOXER",118,3080000000,4.666667,https://down-vn.img.susercontent.com/file/d1c501d1f0ce1ec69f4c85c38818dc58_tn,normal
49,Quần đùi thể thao nam vải gió cao cấp co giãn phù hợp thể thao hay mặc nhà SHORTGIO,683,3590000000,4.716129,https://down-vn.img.susercontent.com/file/995a10a06053cfcbe1c80f5cfdab0f40_tn,normal
50,Áo phông nam ba lỗ Áo Tank top kiểu lót form rộng sát nách co giãn mềm mịn tập gym cao cấp ABL3D,63,2400000000,4.944444,https://down-vn.img.susercontent.com/file/823ea7013bb504a42e929ce79943ffbf_tn,normal
51,Quần đùi nam thể thao có bigsize chất vải thun cao cấp có khóa kéo và dây rút DUI01,785,5990000000,4.513158,https://down-vn.img.susercontent.com/file/bd906b1b6271ca06c55747d6a8834a56_tn,normal
52,[COMBO2] Quần đùi nam thể thao mát co giãn phù hợp thể thao hay mặc nhà SHORTGIO,27,5500000000,5.0,https://down-vn.img.susercontent.com/file/vn-11134207-7qukw-lj5b84fkq3f6e6_tn,normal
53,Quần đùi nam thể thao có bigsize vải thun lạnh mặc nhà đi chơi đều đẹp phong cách cá tính DUI01,253,5990000000,4.777778,https://down-vn.img.susercontent.com/file/5d94ed3d24951b42a6db974b6a499128_tn,normal
54,Quần đùi nam mặc nhà vải mát Q3SOC co dãn cực tốt loại quần đùi mặc nhà chơi thể thao điều được,76,2990000000,4.866667,https://down-vn.img.susercontent.com/file/6a36839525ca99a7be6ede030b297e12_tn,normal
55,"Quần đùi nam thể thao cao cấp mặc nhà đi chơi đẹp rẻ  co giãn 4 chiều, nhẹ, mềm, mát, không bai không xù SHORTGIO",571,3590000000,4.69697,https://down-vn.img.susercontent.com/file/7fe330f2ba4b29c40f7f119bb48cf251_tn,normal
56,Áo thun nam thể thao cộc tay cổ tròn họa tiết áo phông thun lạnh co giãn mềm mịn,36,3490000000,4.909091,https://down-vn.img.susercontent.com/file/vn-11134207-7qukw-lghrmttckgzb57_tn,normal
57,Lót Chân Chống Xe Máy Cao Su Chống Trầy Nền Nhà - Kèm 2 Dây Rút,0,300000000,0.0,https://down-vn.img.susercontent.com/file/vn-11134207-7r98o-lsb64t6vuoxwa2_tn,normal
58,[COMBO2] Áo Thể Thao Nam THE DEME thun lạnh tập gym cổ tròn ngắn tay vải thoáng mát co giãn ATT,63,5500000000,4.944444,https://down-vn.img.susercontent.com/file/vn-11134207-7qukw-lj5b3tblqya411_tn,normal
59,"Vỏ Bọc Thẻ CCCD, Bao Túi Đựng Thẻ Sinh Viên, Atm, Nhân viên, Name Card, Card Visit",113,400000000,4.772727,https://down-vn.img.susercontent.com/file/c3628ca34def98f8f4d3160224032aa9_tn,normal
60,"Quần short nam Quần đùi nam thoáng mát mùa hè,phong cách thời trang QN01",85,2000000000,4.571429,https://down-vn.img.susercontent.com/file/sg-11134201-22090-ulsv5khe7rhv6b_tn,normal
61,"Quần đùi nam thể thao vải gió thời trang  co giãn thoải mái vận động  nhẹ, mềm, mát SHORTGIO",165,3590000000,4.567568,https://down-vn.img.susercontent.com/file/a5cecfdef1d6339cdabd2be4b875b953_tn,normal
62,Quần short đùi nam nữ thể thao cao cấp nhẹ mát có khóa túi 2 BÊN SHORTGIO,58,3590000000,4.181818,https://down-vn.img.susercontent.com/file/97540ec5f29c6e6f64571644be6ac5a3_tn,normal
63,"Vỏ bọc căn cước công dân 2 mặt trong suốt , bao túi đựng thẻ học sinh viên, bằng lái, bảo hiểm y tế, ATM, cccd, CMND",2639,1000000000,4.866887,https://down-vn.img.susercontent.com/file/d85bb7d59e5479b07f61e0f3b8c0847f_tn,normal
64,Quần đùi nam mặc nhà vải MÁT co dãn tốt mặc cực kỳ thoải mái loại quần đùi nam trung niên-DUITAM04,768,1400000000,4.815217,https://down-vn.img.susercontent.com/file/853ffa16eceafbdd90a484dc3cb59626_tn,normal
65,Áo Thể Thao Nam THE DEME thun lạnh tập gym cổ tròn ngắn tay vải thoáng mát co giãn,161,3390000000,4.69697,https://down-vn.img.susercontent.com/file/vn-11134207-7qukw-lf01p009tmqf28_tn,normal
66,Áo thun nam ba lỗ sát nách đẹp mát vận động thoải mái,39,2400000000,5.0,https://down-vn.img.susercontent.com/file/vn-11134207-7r98o-lsccbj870r7o2e_tn,normal
67,Áo thun nam 3 lỗ Gap hàng đẹp vải cotton dày mát loại áo ba lỗ nam mặc nhà thông dụng,223,2999000000,4.333333,https://down-vn.img.susercontent.com/file/b57ca49f847b3d687344c327918e0fb8_tn,normal
68,"Quần sịp boxer Quần lót Boxer nam, quần sịp đùi nam vải thun tự nhiên 100% thoáng khí,co giãn cao cấp QLBOXER",100,3080000000,4.52381,https://down-vn.img.susercontent.com/file/be83c3d94c6e723fae2da548a7156e26_tn,normal
69,"Áo Thể Thao Nam Cộc Tay , Áo thun lạnh cổ tròn, ép vân cao cấp, phong cách, mạnh mẽ và năng động",113,3490000000,4.321429,https://down-vn.img.susercontent.com/file/sg-11134201-23020-pg1j91nr4hnv2c_tn,normal
70,"Quần sịp boxer Quần lót Boxer nam vải thun lạnh tự nhiên 100% thoáng khí,co giãn cao cấp",158,3080000000,4.481481,https://down-vn.img.susercontent.com/file/4d91ddf145cd99b7e39238390fc9aa2c_tn,normal
71,"Bộ thể thao nam cộc tay màu hè thun lạnh co dãn, bộ nam hè phong cách trẻ trung thoáng mát BTT06",175,5900000000,4.634146,https://down-vn.img.susercontent.com/file/sg-11134201-23020-uz5v3txvhdnvae_tn,normal
72,"Áo thể thao nam cổ tròn chất thun lạnh co giãn 4 chiều form chuẩn mặc nhà, chơi thể thao ATT06",164,3490000000,4.552632,https://down-vn.img.susercontent.com/file/sg-11134201-23020-pwoyo9by4hnvb8_tn,normal
73,Áo lót nam trắng cotton hanoisimex thấm hút mồ hôi tốt kiểu trơn,303,2990000000,4.5,https://down-vn.img.susercontent.com/file/fde7edce7d562381e68992dbe9a3c334_tn,normal
74,Quần đùi nam chất thun thể thao co giãn thấm hút tốt lên form cực đẹp DUI01,35,5990000000,4.727273,https://down-vn.img.susercontent.com/file/sg-11134201-22100-9mdmcsw40tivf4_tn,normal
75,"Quần đùi nam thể thao, quần sooc nam Chất Đẹp Vải Mát co giãn 4 chiều, nhẹ, mềm, mát, không bai SHORTGIO",22,3590000000,4.75,https://down-vn.img.susercontent.com/file/0c67a8d05d6b5c9d2f59fc33a3fbb9cb_tn,normal
76,Quần lót nam vải thun lạnh co giãn form thoải mái - Quần lót tam giác chất liệu thấm hút tốt QL02,68,2500000000,4.888889,https://down-vn.img.susercontent.com/file/7f421dcef82da33cb03770b65d5fa9f5_tn,normal
77,Quần đùi thun nam mặc nhà có túi với nhiều họa tiết ấn tượng - Form năng động thoải mái,320,2000000000,4.829268,https://down-vn.img.susercontent.com/file/068bb6d130aa316e9b292815157b229c_tn,normal
78,COMBO 3 Quần lót nam Tam Giác Thông Hơi Xuất Nhật cao cấp thấm hút mồ hôi COMBO3 QL02,142,6600000000,4.708333,https://down-vn.img.susercontent.com/file/7b2069050b0e9e47c236fff1f796f6f2_tn,normal
79,"Quần đùi nam thể thao, quần short gió nam mặc nhà nhẹ mát có túi khóa kéo SHORTGIO",35,3590000000,5.0,https://down-vn.img.susercontent.com/file/0c062eecfbab713bdd98f534272e7582_tn,normal
80,Quần đùi nam thể thao có bigisze mặc nhà đi chơi đều đẹp phong cách cá tính ( 40-85kg) -DUI01,40,5990000000,4.875,https://down-vn.img.susercontent.com/file/d7485ad3104bab43939d57dd9cd518c2_tn,normal
81,Quần đùi nam quần short cao cấp chất gió đep mặc nhà đi chơi tập thể thao sang trọng cá tính DUI01,23,5990000000,5.0,https://down-vn.img.susercontent.com/file/801bdf8c872b6389cc369f3f57224dcc_tn,normal
82,Quần đùi nam thể thao co giãn nhẹ mát có túi khóa kéo tiện dụng thể thao mặc nhà DUI01,449,5990000000,4.755556,https://down-vn.img.susercontent.com/file/86ab2dfa1f860030872fc812e89c5019_tn,normal
83,Áo thun thể thao dài tay nam dập vân cao tần. Áo giữ nhiệt nam chất thun lạnh co giãn 4 chiều AGN,57,3590000000,3.875,https://down-vn.img.susercontent.com/file/be20bc8baa91f00e28d4d592152c9b8e_tn,normal
84,Quần short thun nam chất vải thun cao giãn vận động thoải mái DUI01,19,5990000000,5.0,https://down-vn.img.susercontent.com/file/sg-11134201-22100-dyke6k4nctiv62_tn,normal
85,"Quần short đùi thể thao nam tập gym,chạy bộ chất xi gió co giãn vận động thoải mái SHORTGIO",78,3590000000,4.4375,https://down-vn.img.susercontent.com/file/sg-11134201-23020-k3tqsteozinved_tn,normal
86,"Nón Kết Trơn, Mũ Lưỡi Trai Trơn Basic Nhiều Màu Chất Vải Poly Thoáng Mát Khóa Dán Form Đẹp",9,2000000000,5.0,https://down-vn.img.susercontent.com/file/vn-11134207-7r98o-lq8oi3ilswk2fc_tn,normal
87,"Quần Đùi Thể Thao Nam, Quần Short Thể Thao Cao Cấp Vải Gió Đẹp Thoáng Mát Co Dãn Mềm Nhẹ SHORTGIO",43,3590000000,4.571429,https://down-vn.img.susercontent.com/file/sg-11134201-23020-cms4m1jrzinvfd_tn,normal
88,Áo thun ba lỗ nam cao cấp sát nách chất thun lạnh trơn mịn mát ABL3D,69,2400000000,4.916667,https://down-vn.img.susercontent.com/file/sg-11134201-22120-7qdo86wmn0kv84_tn,normal
89,Bộ Nam Hè Thể Thao Chất Thun Lạnh Co Giãn 4 Chiều Dập Vân Cao Cấp BTT06,45,5900000000,4.0,https://down-vn.img.susercontent.com/file/sg-11134201-23020-pc6oks1mhdnv1e_tn,normal
90,"Quần short đùi thể thao nam tập gym,chạy bộ chất xi gió co giãn 4 chiều cao cấp SHORTGIO",41,3590000000,4.285714,https://down-vn.img.susercontent.com/file/sg-11134201-23020-lxecks2ixinv65_tn,normal
91,Quần đùi nam thể thao chất vải gió mặc nhà đi chơi đều đẹp QSRN,14,5990000000,4.428571,https://down-vn.img.susercontent.com/file/vn-11134207-7qukw-lghns6xsch2i02_tn,normal
92,"Quần lót nam, quần sịp nam vải thun lạnh cao cấp, co giãn thấm hút tốt QL02",109,2500000000,4.857143,https://down-vn.img.susercontent.com/file/8fbfb342b176cd168b260bee020bb322_tn,normal
93,Áo thể thao nam chất thun lạnh co giãn 4 chiều hàng chuẩn VNXK. Áo thun thể thao nam size ATT,395,3390000000,4.766234,https://down-vn.img.susercontent.com/file/55579bb856fba98cc925e27a6951385f_tn,normal
94,"COMBO 4 Quần đùi nam mặc nhà, mặc ngủ chất vải mềm đẹp",68,8000000000,4.571429,https://down-vn.img.susercontent.com/file/sg-11134201-22120-zmuapu5oiokvf5_tn,normal
95,Quần đùi nam thể thao chất vải dù ngoại cực đẹp. Quần short thể thao nam QSRN,6,5990000000,5.0,https://down-vn.img.susercontent.com/file/vn-11134207-7qukw-lghp22ex9czb99_tn,normal
96,Quần đùi nam thể thao có bigsize vải thun lạnh có 02 túi khóa kéo chất vải mát dày đẹp mặc nhà tập gym DUI01,213,5990000000,4.833333,https://down-vn.img.susercontent.com/file/b400b800bdc7cc5aefbf99cd41635fbc_tn,normal
97,Quần đùi nam thể thao có bigisze cao cấp mặc nhà đi chơi đều đẹp DUI01,459,5990000000,4.9,https://down-vn.img.susercontent.com/file/31291d6e89e8faf9624c0655b5417615_tn,normal
98,"Áo Thể Thao Nam thun lạnh tập gym THE DEME, Áo phông thể thao nam cộc tay siêu co giãn",30,3390000000,4.375,https://down-vn.img.susercontent.com/file/vn-11134207-7qukw-lf01p0099ys7ee_tn,normal
99,"Bộ Quần Áo Thể Thao Nam Cổ Tròn( 3 màu), Vải Thun Mát Lạnh, Mềm Mịn, Chống Nhăn, BTT",60,5990000000,5.0,https://down-vn.img.susercontent.com/file/11ea6aa634bf4e4f9eaa0fafc0fa8df2_tn,normal
100,"Quần short thun nam Vải cotton, form rộng thoáng mát  DUI01",27,5990000000,4.444444,https://down-vn.img.susercontent.com/file/vn-11134207-7qukw-ljp60jeivncye4_tn,normal
101,"Áo thun thể thao nam, ôm body, tập gym, vải thun cao cấp mềm mịn co giãn tốt ATT",169,3390000000,4.685714,https://down-vn.img.susercontent.com/file/5a67bb7686ed9be1a8aa7b451463023e_tn,normal
102,quần đùi sọc nhiều màu,0,2520000000,0.0,https://down-vn.img.susercontent.com/file/vn-11134207-7r98o-lqw85c16yjes45_tn,normal
103,"Bộ quần áo thể thao nam, đồ tập gym thể thao vải thun lạnh cao cấp BTT01",29,5990000000,4.333333,https://down-vn.img.susercontent.com/file/vn-11134207-7qukw-lghp424glffuf8_tn,normal
104,"Quần short đùi thể thao nam tập gym,chạy bộ chất xi gió co giãn SHORTGIO",35,3590000000,4.8,https://down-vn.img.susercontent.com/file/sg-11134201-23020-kyi33mcwyinv8e_tn,normal
105,"Quần đùi thể thao nam, quần short  có 2 túi và có khoá kéo chắc chắn mặc nhà đi chơi đều đẹp SHORTGIO",39,3590000000,4.9,https://down-vn.img.susercontent.com/file/563906fc245c7c8f93568c880c8fc7e7_tn,normal
106,Bộ Quần Áo Thể Thao Nam CoolFit Chất Thun Lạnh Co Giãn 4 Chiều BTT,12,5990000000,3.0,https://down-vn.img.susercontent.com/file/sg-11134201-22100-l5yzivqjkkiv47_tn,normal
107,Áo thể thao nam in vân chữ V vải thun lạnh mặc cực mát,81,3490000000,4.733333,https://down-vn.img.susercontent.com/file/vn-11134207-7qukw-lghr84kyx3p39f_tn,normal
108,Áo thun thể thao nam chất vải thun lạnh ngắn tay co giãn thoáng mát có nhiều màu ATT,190,3390000000,4.580645,https://down-vn.img.susercontent.com/file/682324288ec9840af6103539f8e3e585_tn,normal
109,"Quần đùi nam thể thao có bìgsize , mặc nhà chất vải thun co giãn thoáng mát tập gym đi chơi thể thao DUI01",245,5990000000,4.860465,https://down-vn.img.susercontent.com/file/b400b800bdc7cc5aefbf99cd41635fbc_tn,normal
110,Quần Đùi Nam Thể Thao Short tập gym vải gió thoáng mát co giãn thoải mái vận động DUI01,60,5990000000,4.625,https://down-vn.img.susercontent.com/file/ba70d0e187b3153ba033a51297b8d43b_tn,normal
111,Quần đùi thể thao nam có bigsize chất vải thun lạnh cao giãn mặc nhà đi chơi đều đẹp DUI01,24,5990000000,4.75,https://down-vn.img.susercontent.com/file/82d5846bd8057154356bdd0fa9e93306_tn,normal
112,Áo thể thao nam tay ngắn cổ tròn tập gym thoáng mat co giãn tốt ATT02,20,3490000000,5.0,https://down-vn.img.susercontent.com/file/6c6e50c80796e2b22fe2a74954827ed9_tn,normal
113,"Quần đùi nam thể thao, quần cộc nam mặc nhà thoải mái nhẹ mát SHORTGIO",21,3590000000,4.444444,https://down-vn.img.susercontent.com/file/a217b93fe9c1c38f395c8d78a2629764_tn,normal
114,"Áo thun nam tay dài, áo giữ nhiệt ôm body co giãn 4 chiều cao cấp đẹp AGN",15,3590000000,3.0,https://down-vn.img.susercontent.com/file/0d036ee96d4dd40ab098d327e4dbb348_tn,normal
115,"[COMBO2 CÁI ] Quần short thun nam thể thao, quần đùi nam mặc nhà đi chơi tập gym DUI01",15,11000000000,4.5,https://down-vn.img.susercontent.com/file/vn-11134207-7qukw-lj5b84fl453m8c_tn,normal
116,Áo thể thao nam cổ bẻ chất thun lạnh vân dập đẹp co giãn 4 chiều mặc nhà đi chơi thể thao đêu đẹp,1,4500000000,0.0,https://down-vn.img.susercontent.com/file/vn-11134207-7r98o-lm24p9wdbyzj97_tn,normal
117,Quần lót nam thông hơi - Quần sịp nam tam giác nhật bản có size lớn QL02,174,2500000000,4.793103,https://down-vn.img.susercontent.com/file/82d9788361ab86cadd0eebe9da54bacb_tn,normal
118,Quần đùi nam thể thao có bigsize khỏe khoắn mềm mịn co giãn tốt vận động thoải mái DUI01,106,5990000000,4.527778,https://down-vn.img.susercontent.com/file/48b2986d34dddb2b0c7542c1185d7947_tn,normal
119,COMBO 5 Quần đùi nam thun cotton mặc ngủ thoải mái,22,10000000000,1.5,https://down-vn.img.susercontent.com/file/sg-11134201-22120-5x23xv9kiokv47_tn,normal
120,Quần đùi nam có bigsize thể thao THEDEME chất vải thun co giãn nhẹ mát có khóa kéo-DUI01,683,5990000000,4.846154,https://down-vn.img.susercontent.com/file/493742592e1d95e6544f99c0a94b117c_tn,normal
121,Bộ Thể Thao Nam quần áo tập gym vải thun lạnh thoáng mát co giãn năng động thời trang BTT,16,5990000000,3.5,https://down-vn.img.susercontent.com/file/sg-11134201-22100-5vlb4kt4kkiv56_tn,normal
122,"Áo thun thể thao nam cộc tay , áo phông nam chất thun lạnh co giãn mềm mịn vận động thoải mái",22,3490000000,5.0,https://down-vn.img.susercontent.com/file/vn-11134207-7qukw-lghrim6ifeuv01_tn,normal
123,Áo thể thao nam SPORT ngắn tay cổ tròn đẹp vải thun lạnh cao cấp,10,3490000000,3.5,https://down-vn.img.susercontent.com/file/vn-11134207-7qukw-lghrde75h7uf07_tn,normal
124,"Áo thun nam tay dài, áo giữ nhiệt thể thao nam body co giãn, giữ ấm, màu sắc trẻ trung và năng động AGN",15,3590000000,4.0,https://down-vn.img.susercontent.com/file/ead17e0269df7a1a9daf93d47665c51c_tn,normal
125,Quần đùi nam thể thao co giãn cực mát phù hợp thể thao hay mặc nhà SHORTGIO,31,3590000000,4.285714,https://down-vn.img.susercontent.com/file/sg-11134201-22100-p41ry6tv2uiv45_tn,normal
126,Quần đùi nam thể thao có bigsize khóa kéo tiện lợi đi chơi hay mặc nhà DUI01,193,7000000000,4.909091,https://down-vn.img.susercontent.com/file/08775d3e1c0c39b0fc64bd5586cfe7f1_tn,normal
127,Quần đùi nam thể thao có bigsize vải thun co giãn nhẹ mát có khóa túi tiện dụng thể thao hay mặc nhà-DUI01,122,5990000000,4.666667,https://down-vn.img.susercontent.com/file/82c0282c2848bf2444c6fb320803cae6_tn,normal
128,"COMBO 4 Quần đùi nam mặc nhà, mặc ngủ chất vải mềm đẹp co giãn",3,8800000000,0.0,https://down-vn.img.susercontent.com/file/vn-11134207-7qukw-lj5ccqop60i4eb_tn,normal
129,Quần đùi nam running quần short thể thao tập gym chạy bộ chất đẹp QSRN,13,5990000000,5.0,https://down-vn.img.susercontent.com/file/vn-11134207-7qukw-lghns6xrztyif7_tn,normal
130,Áo thể thao nam in vân vải thun lạnh mặc cực mát co giãn vận động thoải mái ATT06,37,3490000000,4.333333,https://down-vn.img.susercontent.com/file/sg-11134201-23020-w4myul4v4hnv7b_tn,normal
131,quần đùi nam mát mẻ vận động thoải mái,0,9000000000,0.0,https://down-vn.img.susercontent.com/file/vn-11134207-7r98o-lqrh95g831h30e_tn,normal
132,COMBO 5 Quần đùi nam thun cotton mặc ngủ thoải mái,2,11000000000,0.0,https://down-vn.img.susercontent.com/file/vn-11134207-7qukw-lj5ccqop8tn053_tn,normal
133,"Quần đùi,quần sooc nam thể thao vải gió mềm mịn QSRN",4,5990000000,0.0,https://down-vn.img.susercontent.com/file/vn-11134207-7qukw-lghp424gimay25_tn,normal
134,Áo Thể Thao Nam thun lạnh tập gym cổ tròn ngắn tay co giãn chuẩn form ATT02,18,3490000000,4.833333,https://down-vn.img.susercontent.com/file/a60a8d45f98a7106718a8f9deece15bf_tn,normal
135,Quần sịp boxer Quần lót boxer vải thun lạnh với thiết kế chuẩn - Quần lót boxer nhiều màu,10,3080000000,2.0,https://down-vn.img.susercontent.com/file/0f41802e465a68a83070636e097c6a1d_tn,normal
136,có bigsize- Áo đoàn sơ mi thanh niên nam nữ dài tay ngắn tay hàng loại tốt,1272,15000000000,4.675257731958763,https://down-vn.img.susercontent.com/file/1f420d917b75c2fff76efbddffc8dd38_tn,sold out
137,quần đùi nam unisex chất thun thoáng mát thoải mái vận động VIENMAU,8,15000000000,5.0,https://down-vn.img.susercontent.com/file/6a79eb8f35702f81b84454e19f668a7c_tn,sold out
138,"Quần Đùi Nam Thể Thao Chất Vải Thể Thao 2 Da Chun Mềm Mại, Co Dãn Vận Động Thoải Mái",9,10000000000,5.0,https://down-vn.img.susercontent.com/file/sg-11134201-22100-pjtsihrfz2iv6d_tn,sold out
139,Quần short nam thể thao chất umi hàn cao cấp co giãn thoải mái tiện mặc nhà đi chơi DUI13,3,15000000000,5.0,https://down-vn.img.susercontent.com/file/05f017e5566480c21384feeffe75a645_tn,sold out
140,"áo thun nam , áo phông nam thời trang asensal HOKO",5,15000000000,5.0,https://down-vn.img.susercontent.com/file/d6aefa5907f99ae167c1804f8a7f839f_tn,sold out
141,"Quần Short Thể Thao Nam (3 màu), Chất Liệu Cao Cấp, Chống Nhăn, Bền Màu, Co Giãn Tốt, Lưng Chun Thoải Mái",9,15000000000,5.0,https://down-vn.img.susercontent.com/file/22db9f56224447d3b8022d2903d1a227_tn,sold out
142,"Quần Sooc Ngố, Quần Short Đen 3 Sọc Kiểu Dáng Basic Vải Mát UN14",3,15000000000,5.0,https://down-vn.img.susercontent.com/file/5adf7b893d4e59c76ce519ebece35fa9_tn,sold out
143,"Áo Polo Nam cổ bẻ thun cá sấu nam phối màu, áo thun polo nam có cổ thời trang vải mềm mịn, thấm hút tốt",6,20000000000,5.0,https://down-vn.img.susercontent.com/file/731c97269ad8acfa2bd7277a715776ea_tn,sold out
144,"Quần Short Ngố 1 Viền V , Quần Short Dãn Siêu Đẹp, Phom Chuẩn 100%",1,15000000000,5.0,https://down-vn.img.susercontent.com/file/0c778bc532ac6a23f0ef6a71527155f5_tn,sold out
145,ÁO POLO ĐẸP HH HOKO,2,20000000000,5.0,https://down-vn.img.susercontent.com/file/e1b4ab23b022644b0b3b1c6b8e9cbeaa_tn,sold out
146,Combo 10 Quần Sịp Nam Nhiều Lưng Chất Vải Cotton Kháng Khuẩn Thấm Hút Và Co Dãn Tốt,6,20000000000,5.0,https://down-vn.img.susercontent.com/file/sg-11134201-22120-njhzzhgwhokv1d_tn,sold out
147,Quần đùi unisex nam in hình họa tiết chất vải thun co dãn 4 chiều thoải mái tập luyện hoặc đi chơi,7,15000000000,5.0,https://down-vn.img.susercontent.com/file/69d4e6653698493974ec49f4f94e3b6a_tn,sold out
148,"Quần short thun unisex, quần đùi nam nữ cá tính   UNQ08",2,10000000000,5.0,https://down-vn.img.susercontent.com/file/vn-11134201-23030-1aepce0nxoov2b_tn,sold out
149,Quần đùi thể thao Nam Quần short thun nam mặc nhà DUI04,30,10000000000,5.0,https://down-vn.img.susercontent.com/file/aec494682370a9a837c38de44d74feb9_tn,sold out
150,Đai Đeo Khẩu Trang Chống Đau Tai,42,600000000,5.0,https://down-vn.img.susercontent.com/file/279c2de10bb854f55aaca3232d6ee712_tn,sold out
151,ÁO POLO NAM THỜI TRANG HOKO,2,20000000000,5.0,https://down-vn.img.susercontent.com/file/77973b8f0442c33837c3e4d9a798c0bf_tn,sold out
152,áo thun nam đẹp thời trang hoko,1,15000000000,5.0,https://down-vn.img.susercontent.com/file/9a5ac309b3997f0fc38555ba6d706e05_tn,sold out
153,Quần short jean nam xanh nhạt trơn chất bò cao cấp co dãn 4 chiều NHIỀU MẪU MỚI-SHORTJEAN,43,13000000000,5.0,https://down-vn.img.susercontent.com/file/032ff86c22003de75294f7dd423d6554_tn,sold out
154,Quần short thể thao nam chất poly 2 da cao cấp lên form cực đẹp,78,10000000000,4.9523809523809526,https://down-vn.img.susercontent.com/file/sg-11134201-22100-97wm08goz2ivec_tn,sold out
155,Quần short jean nam ngắn cao cấp big size chất bò kiểu trơn đơn giản hàng VN xuất khẩu- SHORTJEAN,48,13000000000,4.916666666666667,https://down-vn.img.susercontent.com/file/d46ec8c6b38690e32825e2bd2c701e6f_tn,sold out
156,Quần đùi nam chất vải thun poly 2 da cực xịn cao cấp,19,10000000000,4.833333333333333,https://down-vn.img.susercontent.com/file/sg-11134201-22100-6fl1235922iv0e_tn,sold out
157,Quần short jean nam ngắn cao cấp big size chất bò kiểu trơn đơn giản,223,13000000000,4.82258064516129,https://down-vn.img.susercontent.com/file/9806426d5b3dce335a1c2132d21141a0_tn,sold out
158,"Quần đùi nam thể thao có bigsize cao cấp, phong cách trẻ trung DUI02",23,18000000000,4.8,https://down-vn.img.susercontent.com/file/41f204b734af30b880cb9e82bc16389d_tn,sold out
159,Quần Thun lạnh thể thao NY có 02 túi khóa kéo chất vải mát dày đẹp LOGONY,183,10000000000,4.527272727272727,https://down-vn.img.susercontent.com/file/0f0b2109e1960de2360a1a7f4220b412_tn,sold out
160,"Quần short Unisex  Quần đùi chất nỉ da cá, Nam nữ đều mặc được   UNQ08",7,10000000000,4.5,https://down-vn.img.susercontent.com/file/vn-11134201-23030-zljy242sxoovdc_tn,sold out
161,Áo sơ mi đoàn thanh niên có bigsize nam nữ dài tay ngắn tay thoáng mát thấm hút tốt,73,15000000000,4.428571428571429,https://down-vn.img.susercontent.com/file/1f420d917b75c2fff76efbddffc8dd38_tn,sold out
162,"Quần đùi, quần short thể thao nam, vải thun lạnh co giãn 4 chiều DUI02",10,15000000000,3.5,https://down-vn.img.susercontent.com/file/c631d8d8a60c39e73b5fabd24d99f4bf_tn,sold out
163,"Quần short,Quần ngố nam vải dù (Loại Đẹp)",13,12000000000,3.0,https://down-vn.img.susercontent.com/file/7d4b318aeae2a00c7fb0073d1534c4d5_tn,sold out
164,Quần đùi nam thể thao bigsize chất thun poly 2 da cực sịn DUI02,18,15000000000,2.3333333333333335,https://down-vn.img.susercontent.com/file/8f37a05a82cf5be22ae4a873a10e6689_tn,sold out
165,Combo 10 Quần Sịp Nam Nhiều Lưng Chất Vải Cotton Kháng Khuẩn Thấm Hút Và Co Dãn Tốt Cạp To,2,20000000000,0.0,https://down-vn.img.susercontent.com/file/sg-11134201-22120-cehq5mpqhokv3f_tn,sold out
166,"Combo 5 Quần lót nam, quần sịp nam cotton,- Hàng Việt nam chất lượng cao COMBO5 QL01",1,10000000000,0.0,https://down-vn.img.susercontent.com/file/sg-11134201-23010-c7bmwlfvzumv1e_tn,sold out
167,Quần đùi nam thun thể thao có khóa kéo tiện lợi đi chơi hay mặc nhà,1,10000000000,0.0,https://down-vn.img.susercontent.com/file/sg-11134201-22100-s3eho87qz2iv9a_tn,sold out
168,Combo 5 Quần Lót Nam Cao Cấp Nhiều Lưng Sịp Nam Tam Giác Vải Cotton Co Dãn COMBO5 QL01,1,10000000000,0.0,https://down-vn.img.susercontent.com/file/sg-11134201-23010-r28u2z11zumva5_tn,sold out
169,"Quần đùi nam thể thao ,quần sooc nam thể thao vải gió mềm mịn",1,13000000000,0.0,https://down-vn.img.susercontent.com/file/7bf1f1aab5956881c7d85fb489ceaffd_tn,sold out
170,Quần Short Nam Nữ Viền V Túi Khóa Kéo Thun Poly Thể Dục Thể Thao Năng Động Cá Tính Unisex UN16,1,15000000000,0.0,https://down-vn.img.susercontent.com/file/33f93a2bc4fe7574f61e62f864727723_tn,sold out
171,Áo thun nam POLO trơn vải cá sấu cotton cao cấp ngắn tay cực sang trọng và lịch lãm HK1,1,25000000000,0.0,https://down-vn.img.susercontent.com/file/cc2e5db8f47171eed3eebe37029ed718_tn,sold out
172,Quần Short Nam Thể Thao Vải Umi Hàn Co Dãn 4 Chiều UN11,1,15000000000,0.0,https://down-vn.img.susercontent.com/file/a8a794bb1913a98739a396c887cc098a_tn,sold out
173,ÁO POLO ĐẸP HOKO,1,20000000000,0.0,https://down-vn.img.susercontent.com/file/dcd22eeacb86f5dfba58d50038ebc43a_tn,sold out
174,Combo 5 Quần Lót Nam Cao Cấp Nhiều Lưng Sịp Nam Tam Giác Vải Cotton Co Dãn thoải mái COMBO5 QL01,3,10000000000,0.0,https://down-vn.img.susercontent.com/file/sg-11134201-23010-c12lve96zumv92_tn,sold out
175,"Combo 5 Quần Lót Nam Cao Cấp,quần xì nam Nhiều Lưng Sịp Nam Tam Giác Vải Cotton Co Dãn COMBO5 QL01",0,10000000000,0.0,https://down-vn.img.susercontent.com/file/sg-11134201-23010-5e1binpc1umv46_tn,sold out
176,COMBO5 Quần lót nam nhiều lưng vải cotton cao cấp sịp nam tam giác COMBO05 QL01,0,10000000000,0.0,https://down-vn.img.susercontent.com/file/sg-11134201-23010-24z2pdpa1umvc2_tn,sold out
177,Quần đùi nam thể thao chất vải gió co giãn mềm mịn vận động thoải mái,1,12000000000,0.0,https://down-vn.img.susercontent.com/file/2bef70497903d5770ee6ef86e7587003_tn,sold out
178,Quần đùi nam thể thao có bigsize chất vải thun cao cấp có khóa kéo và dây rút,4,9000000000,0.0,https://down-vn.img.susercontent.com/file/vn-11134201-23020-zqxrtu0gdunv7a_tn,sold out
179,Quần đùi thể thao cao cấp nam quần short thun nam chất thun poly 2 da cực đẹp,1,9000000000,0.0,https://down-vn.img.susercontent.com/file/vn-11134201-23020-ntncducccunv53_tn,sold out
180,Áo thun nam POLO trơn vải cá sấu cotton cao cấp ngắn tay cực sang trọng và lịch lãm bo xịn 2 màu HK3,0,25000000000,0.0,https://down-vn.img.susercontent.com/file/d83f4277e0032e00aabebdb71275d8a3_tn,sold out
181,Quần Sóc Nam - Quần Ngố Nam VẢI THOÁNG MÁT TRẺ TRUNG NĂNG ĐỘNG UN23,0,15000000000,0.0,https://down-vn.img.susercontent.com/file/c2fa1da9be8df509011c71c2a8eb185e_tn,sold out
182,Áo thun nam POLO trơn vải cá sấu cotton cao cấp ngắn tay cực sang trọng HK1,0,25000000000,0.0,https://down-vn.img.susercontent.com/file/b831e071a43c305ce56e283c87c4e3fd_tn,sold out
